{
  "결막염": {
    "accuracy": 0.9966708281315023,
    "precision": 0.9966749792186201,
    "recall": 0.9966749792186201,
    "f1_score": 0.9966749792186201,
    "confusion_matrix": [
      [
        1196,
        4
      ],
      [
        4,
        1199
      ]
    ],
    "classification_report": {
      "0": {
        "precision": 0.9966666666666667,
        "recall": 0.9966666666666667,
        "f1-score": 0.9966666666666667,
        "support": 1200.0
      },
      "1": {
        "precision": 0.9966749792186201,
        "recall": 0.9966749792186201,
        "f1-score": 0.9966749792186201,
        "support": 1203.0
      },
      "accuracy": 0.9966708281315023,
      "macro avg": {
        "precision": 0.9966708229426434,
        "recall": 0.9966708229426434,
        "f1-score": 0.9966708229426434,
        "support": 2403.0
      },
      "weighted avg": {
        "precision": 0.9966708281315023,
        "recall": 0.9966708281315023,
        "f1-score": 0.9966708281315023,
        "support": 2403.0
      }
    },
    "total_samples": 2403,
    "unique_classes": 2
  },
  "궤양성각막질환": {
    "accuracy": 0.7928102048705064,
    "precision": 0.8478282736369304,
    "recall": 0.7928102048705064,
    "f1_score": 0.7758553953883152,
    "confusion_matrix": [
      [
        839,
        0,
        21
      ],
      [
        0,
        854,
        12
      ],
      [
        0,
        503,
        358
      ]
    ],
    "classification_report": {
      "0": {
        "precision": 1.0,
        "recall": 0.9755813953488373,
        "f1-score": 0.9876397881106533,
        "support": 860.0
      },
      "1": {
        "precision": 0.6293294030950627,
        "recall": 0.9861431870669746,
        "f1-score": 0.7683310841205578,
        "support": 866.0
      },
      "2": {
        "precision": 0.9156010230179028,
        "recall": 0.41579558652729387,
        "f1-score": 0.5718849840255591,
        "support": 861.0
      },
      "accuracy": 0.7928102048705064,
      "macro avg": {
        "precision": 0.8483101420376551,
        "recall": 0.7925067229810353,
        "f1-score": 0.7759519520855901,
        "support": 2587.0
      },
      "weighted avg": {
        "precision": 0.8478282736369304,
        "recall": 0.7928102048705064,
        "f1-score": 0.7758553953883152,
        "support": 2587.0
      }
    },
    "total_samples": 2587,
    "unique_classes": 3
  },
  "백내장": {
    "accuracy": 0.760186263096624,
    "precision": 0.7757388365402429,
    "recall": 0.760186263096624,
    "f1_score": 0.7518739167173344,
    "confusion_matrix": [
      [
        860,
        1,
        0,
        0
      ],
      [
        1,
        775,
        54,
        31
      ],
      [
        28,
        317,
        405,
        122
      ],
      [
        0,
        181,
        89,
        572
      ]
    ],
    "classification_report": {
      "0": {
        "precision": 0.9673790776152981,
        "recall": 0.9988385598141696,
        "f1-score": 0.9828571428571429,
        "support": 861.0
      },
      "1": {
        "precision": 0.6083202511773941,
        "recall": 0.9001161440185831,
        "f1-score": 0.7259953161592506,
        "support": 861.0
      },
      "2": {
        "precision": 0.7390510948905109,
        "recall": 0.4644495412844037,
        "f1-score": 0.5704225352112676,
        "support": 872.0
      },
      "3": {
        "precision": 0.7889655172413793,
        "recall": 0.6793349168646081,
        "f1-score": 0.7300574345883855,
        "support": 842.0
      },
      "accuracy": 0.760186263096624,
      "macro avg": {
        "precision": 0.7759289852311456,
        "recall": 0.7606847904954411,
        "f1-score": 0.7523331072040116,
        "support": 3436.0
      },
      "weighted avg": {
        "precision": 0.7757388365402429,
        "recall": 0.760186263096624,
        "f1-score": 0.7518739167173344,
        "support": 3436.0
      }
    },
    "total_samples": 3436,
    "unique_classes": 4
  },
  "비궤양성각막질환": {
    "accuracy": 0.7928331466965286,
    "precision": 0.7921741605057541,
    "recall": 0.7928331466965286,
    "f1_score": 0.7924983517612165,
    "confusion_matrix": [
      [
        599,
        0,
        1
      ],
      [
        1,
        431,
        183
      ],
      [
        4,
        181,
        386
      ]
    ],
    "classification_report": {
      "0": {
        "precision": 0.9917218543046358,
        "recall": 0.9983333333333333,
        "f1-score": 0.9950166112956811,
        "support": 600.0
      },
      "1": {
        "precision": 0.704248366013072,
        "recall": 0.7008130081300813,
        "f1-score": 0.7025264873675632,
        "support": 615.0
      },
      "2": {
        "precision": 0.6771929824561403,
        "recall": 0.6760070052539404,
        "f1-score": 0.6765994741454864,
        "support": 571.0
      },
      "accuracy": 0.7928331466965286,
      "macro avg": {
        "precision": 0.791054400924616,
        "recall": 0.7917177822391185,
        "f1-score": 0.7913808576029102,
        "support": 1786.0
      },
      "weighted avg": {
        "precision": 0.7921741605057541,
        "recall": 0.7928331466965286,
        "f1-score": 0.7924983517612165,
        "support": 1786.0
      }
    },
    "total_samples": 1786,
    "unique_classes": 3
  },
  "색소침착성각막염": {
    "accuracy": 0.9994226327944573,
    "precision": 1.0,
    "recall": 0.9988262910798122,
    "f1_score": 0.9994128009395185,
    "confusion_matrix": [
      [
        880,
        0
      ],
      [
        1,
        851
      ]
    ],
    "classification_report": {
      "0": {
        "precision": 0.9988649262202043,
        "recall": 1.0,
        "f1-score": 0.9994321408290744,
        "support": 880.0
      },
      "1": {
        "precision": 1.0,
        "recall": 0.9988262910798122,
        "f1-score": 0.9994128009395185,
        "support": 852.0
      },
      "accuracy": 0.9994226327944573,
      "macro avg": {
        "precision": 0.9994324631101021,
        "recall": 0.9994131455399061,
        "f1-score": 0.9994224708842965,
        "support": 1732.0
      },
      "weighted avg": {
        "precision": 0.9994232881488336,
        "recall": 0.9994226327944573,
        "f1-score": 0.9994226272113481,
        "support": 1732.0
      }
    },
    "total_samples": 1732,
    "unique_classes": 2
  },
  "안검내반증": {
    "accuracy": 0.9298679867986799,
    "precision": 0.8903703703703704,
    "recall": 0.9820261437908496,
    "f1_score": 0.933954933954934,
    "confusion_matrix": [
      [
        1052,
        148
      ],
      [
        22,
        1202
      ]
    ],
    "classification_report": {
      "0": {
        "precision": 0.9795158286778398,
        "recall": 0.8766666666666667,
        "f1-score": 0.9252418645558487,
        "support": 1200.0
      },
      "1": {
        "precision": 0.8903703703703704,
        "recall": 0.9820261437908496,
        "f1-score": 0.933954933954934,
        "support": 1224.0
      },
      "accuracy": 0.9298679867986799,
      "macro avg": {
        "precision": 0.934943099524105,
        "recall": 0.9293464052287581,
        "f1-score": 0.9295983992553913,
        "support": 2424.0
      },
      "weighted avg": {
        "precision": 0.9345017853740681,
        "recall": 0.9298679867986799,
        "f1-score": 0.9296415332623176,
        "support": 2424.0
      }
    },
    "total_samples": 2424,
    "unique_classes": 2
  },
  "안검염": {
    "accuracy": 0.9941826643397323,
    "precision": 0.988479262672811,
    "recall": 1.0,
    "f1_score": 0.9942062572421785,
    "confusion_matrix": [
      [
        851,
        10
      ],
      [
        0,
        858
      ]
    ],
    "classification_report": {
      "0": {
        "precision": 1.0,
        "recall": 0.9883855981416957,
        "f1-score": 0.9941588785046729,
        "support": 861.0
      },
      "1": {
        "precision": 0.988479262672811,
        "recall": 1.0,
        "f1-score": 0.9942062572421785,